{
        "type": "APL",
        "version": "1.0",
        "theme": "dark",
        "import": [
            {
                "name": "alexa-layouts",
                "version": "1.0.0"
            }
        ],
        "resources": [
            {
                "description": "Stock color for the light theme",
                "colors": {
                    "colorTextPrimary": "#151920"
                }
            },
            {
                "description": "Stock color for the dark theme",
                "when": "${viewport.theme == 'dark'}",
                "colors": {
                    "colorTextPrimary": "#f0f1ef"
                }
            },
            {
                "description": "Standard font sizes",
                "dimensions": {
                    "textSizeBody": 48,
                    "textSizePrimary": 27,
                    "textSizeSecondary": 23,
                    "textSizeSecondaryHint": 25
                }
            },
            {
                "description": "Common spacing values",
                "dimensions": {
                    "spacingThin": 6,
                    "spacingSmall": 12,
                    "spacingMedium": 24,
                    "spacingLarge": 48,
                    "spacingExtraLarge": 72
                }
            },
            {
                "description": "Common margins and padding",
                "dimensions": {
                    "marginTop": 40,
                    "marginLeft": 60,
                    "marginRight": 60,
                    "marginBottom": 40
                }
            }
        ],
        "styles": {
            "textStyleBase": {
                "description": "Base font description; set color and core font family",
                "values": [
                    {
                        "color": "@colorTextPrimary",
                        "fontFamily": "Amazon Ember"
                    }
                ]
            },
            "textStyleBase0": {
                "description": "Thin version of basic font",
                "extend": "textStyleBase",
                "values": {
                    "fontWeight": "100"
                }
            },
            "textStyleBase1": {
                "description": "Light version of basic font",
                "extend": "textStyleBase",
                "values": {
                    "fontWeight": "300"
                }
            },
            "mixinBody": {
                "values": {
                    "fontSize": "@textSizeBody"
                }
            },
            "mixinPrimary": {
                "values": {
                    "fontSize": "@textSizePrimary"
                }
            },
            "mixinSecondary": {
                "values": {
                    "fontSize": "@textSizeSecondary"
                }
            },
            "textStylePrimary": {
                "extend": [
                    "textStyleBase1",
                    "mixinPrimary"
                ]
            },
            "textStyleSecondary": {
                "extend": [
                    "textStyleBase0",
                    "mixinSecondary"
                ]
            },
            "textStyleBody": {
                "extend": [
                    "textStyleBase1",
                    "mixinBody"
                ]
            },
            "textStyleSecondaryHint": {
                "values": {
                    "fontFamily": "Bookerly",
                    "fontStyle": "italic",
                    "fontSize": "@textSizeSecondaryHint",
                    "color": "@colorTextPrimary"
                }
            }
        },
        "layouts": {},
        "mainTemplate": {
            "parameters": [
                "payload"
            ],
            "items": [
                {
                    "when": "${viewport.shape == 'round'}",
                    "type": "Container",
                    "direction": "column",
                    "width": "100vw",
                    "height": "100vh",
                    "items": [
                        {
                            "type": "Image",
                            "source": "${payload.bodyTemplate3Data.image.sources[0].url}",
                            "scale": "best-fill",
                            "width": "100vw",
                            "height": "100vh",
                            "position": "absolute",
                            "overlayColor": "rgba(0, 0, 0, 0.6)"
                        },
                        {
                            "type": "ScrollView",
                            "width": "100vw",
                            "height": "100vh",
                            "item": [
                                {
                                    "type": "Container",
                                    "direction": "column",
                                    "alignItems": "center",
                                    "paddingLeft": 30,
                                    "paddingRight": 30,
                                    "paddingBottom": 200,
                                    "items": [
                                        {
                                            "type": "AlexaHeader",
                                            "headerAttributionImage": "${payload.bodyTemplate3Data.logoUrl}",
                                            "headerTitle": "${payload.bodyTemplate3Data.title}"
                                        },
                                        {
                                            "type": "Text",
                                            "text": "",
                                            "style": "textStylePrimary",
                                            "color": "#4dd2ff",
                                            "width": "90vw",
                                            "textAlign": "center"
                                        },
                                        {
                                            "type": "Text",
                                            "text": "<b>${payload.bodyTemplate3Data.textContent.title.text}</b>",
                                            "style": "textStyleBody",
                                            "width": "90vw",
                                            "textAlign": "center"
                                        },
                                        {
                                            "type": "Text",
                                            "text": "${payload.bodyTemplate3Data.textContent.subtitle.text}",
                                            "style": "textStylePrimary",
                                            "width": "90vw",
                                            "textAlign": "center"
                                        },
                                        {
                                            "type": "Text",
                                            "text": "${payload.bodyTemplate3Data.textContent.primaryText.text}",
                                            "paddingTop": 40,
                                            "style": "textStylePrimary",
                                            "width": "90vw",
                                            "textAlign": "center"
                                        },
                                        {
                                            "type": "Text",
                                            "text": "${payload.bodyTemplate3Data.textContent.bulletPoint.text}",
                                            "paddingTop": 50,
                                            "style": "textStylePrimary",
                                            "width": "90vw",
                                            "textAlign": "center"
                                        }
                                    ]
                                }
                            ]
                        }
                    ]
                },
                {
                    "type": "Container",
                    "width": "100vw",
                    "height": "100vh",
                    "items": [
                        {
                            "type": "Image",
                            "source": "${payload.bodyTemplate3Data.backgroundImage.sources[0].url}",
                            "scale": "best-fill",
                            "width": "100vw",
                            "height": "100vh",
                            "position": "absolute"
                        },
                        {
                            "type": "AlexaHeader",
                            "headerTitle": "${payload.bodyTemplate3Data.title}",
                            "headerAttributionImage": "${payload.bodyTemplate3Data.logoUrl}"
                        },
                        {
                            "type": "Container",
                            "direction": "row",
                            "paddingLeft": 40,
                            "paddingRight": 72,
                            "grow": 1,
                            "items": [
                                {
                                    "type": "Image",
                                    "source": "${payload.bodyTemplate3Data.image.sources[0].url}",
                                    "width": 340,
                                    "height": 360,
                                    "scale": "best-fit",
                                    "align": "center"
                                },
                                {
                                    "type": "ScrollView",
                                    "height": "60vh",
                                    "shrink": 1,
                                    "item": [
                                        {
                                            "type": "Container",
                                            "paddingLeft": 40,
                                            "items": [
                                                {
                                                    "type": "Text",
                                                    "text": "",
                                                    "style": "textStylePrimary",
                                                    "color": "#4dd2ff"
                                                },
                                                {
                                                    "type": "Text",
                                                    "text": "<b>${payload.bodyTemplate3Data.textContent.title.text}</b>",
                                                    "style": "textStyleBody"
                                                },
                                                {
                                                    "type": "Text",
                                                    "text": "${payload.bodyTemplate3Data.textContent.subtitle.text}",
                                                    "style": "textStylePrimary"
                                                },
                                                {
                                                    "type": "Text",
                                                    "text": "${payload.bodyTemplate3Data.textContent.primaryText.text}",
                                                    "paddingTop": 40,
                                                    "style": "textStylePrimary"
                                                },
                                                {
                                                    "type": "Text",
                                                    "text": "${payload.bodyTemplate3Data.textContent.bulletPoint.text}",
                                                    "paddingTop": 50,
                                                    "style": "textStylePrimary"
                                                }
                                            ]
                                        }
                                    ]
                                }
                            ]
                        }
                    ]
                }
            ]
        }
    }